title,contentsid,address,imgpath,tags,introduction
"제20회 중문칠선녀축제","CNTS_000000000022600","제주특별자치도 서귀포시 중문동 2232 중문 천제연공원(구 진실캠핑장)","https://api.cdn.visitjeju.net/photomng/imgpath/202509/18/4aa707d6-3275-4794-8fd8-197357e0d424.webp","제주, 중문, 칠선녀, 전설, 축제, 지역축제, 천제연공원","신비로운 천제연의 정취 속에서 칠선녀와 함께 하는 환상적인 축제!"
"세상에 이런(E-RUN) 트립 in 우도","CNTS_200000000011775","제주특별자치도 제주시 우도면 연평리 1706-1","https://api.cdn.visitjeju.net/photomng/imgpath/202206/03/e0e1c13e-1315-4332-a6ca-b94d11c366f5.webp","액티비티,세상에이런트립,E-RUN트립,축제,행사","청정우도를 지키자! 세상에 E-RUN 트립 in 우도, 친환경여행을 떠나요"
"제16회  제주프랑스영화제","CNTS_200000000012095","제주특별자치도 제주시 이도이동 414","https://api.cdn.visitjeju.net/photomng/imgpath/202410/15/fe9f4af7-083d-47cf-b0ed-83c488766379.webp","제주, 프랑스, 영화제, 영상예술, 선착순무료입장","한국 유일의 연례 프랑스영화제"
"김만덕주간 나눔큰잔치","CNTS_200000000015411","제주특별자치도 제주시 건입동 1444","https://api.cdn.visitjeju.net/photomng/imgpath/202310/21/aae9a2c5-53e9-4176-a62f-3eefaf8e8964.webp","김만덕기념관,나눔큰잔치,김만덕,축제,행사,이벤트","김만덕주간 ‘나눔큰잔치’를 통하여 김만덕의 업적을 기리고 위대한 나눔과 도전정신을 제주도의 시대정신으로 계승 발전시키며,  나눔문화의 직*간접 체험을 통하여 나눔문화 확산에 이바지하고자 합니다."
"만덕제","CNTS_200000000015412","제주특별자치도 제주시 건입동 387-4","https://api.cdn.visitjeju.net/photomng/imgpath/202304/06/c9827faa-ea54-44b2-b17b-1c8754db272c.webp","김만덕기념관,만덕제,김만덕시상식,김만덕,축제,행사","매년 김만덕의 기일(10월 22일)에 가까운 일요일, 건입동 사라봉 모충사에서는 개최되는 만덕제 봉행 및 김만덕상 시상식"
"제주도민과 함께하는 공군음악회","CNTS_200000000015486","제주특별자치도 서귀포시 서홍동 551-1","https://api.cdn.visitjeju.net/photomng/imgpath/202305/03/3ad41c06-fd67-4d01-911b-9ea08fd9d330.webp","음악회,공군음악회","제주도민과 함께하는 공군음악회"
"2024 제주시 소상공인 한마음 박람회","CNTS_300000000012813","제주특별자치도 제주시 오라일동 1151-1","https://api.cdn.visitjeju.net/photomng/imgpath/202311/06/6534db3f-e34f-4b55-8056-900711d171e4.webp","제주시,소상공인, 박람회, 행사, 한마음박람회","우리의 이웃 소상공인과 함께 다양한 체험을 하고 참여하는 한마음 박람회"
"2023 제주성주풀이 : 새집지어오람구나","CNTS_300000000012825","제주특별자치도 제주시 일도이동 837-20","https://api.cdn.visitjeju.net/photomng/imgpath/202311/14/d79d5612-977f-4701-99d6-a5b6b99e03cf.webp","공연, 전통공연, 음악굿, 창작공연, 문화예술, 가족, 부모","제주성주풀이굿을 해체하고 재구성 한 전통창작 음악굿 공연"
"「제16회 주민과 함께하는 시와 음악의 밤」","CNTS_300000000013011","제주특별자치도 서귀포시 서귀동 519","https://api.cdn.visitjeju.net/photomng/imgpath/202509/18/2ed5856c-6b22-4fc5-b07b-8870c03fb7eb.webp","서귀포시축제, 정방동, 제주축제, 제주, 서귀포","정방동주민센터와 정방동주민자치위원회가 주최주관하는 제16회 주민과 함께하는 시와 음악의 밤 행사"
"2025 제주예술문화축전","CNTS_300000000013012","제주시 연동 301-15","https://api.cdn.visitjeju.net/photomng/imgpath/202505/28/098a00b0-28c4-44b3-be81-a86749ed8985.webp","다양한체험부스, 어린이사생대회, 제주예술문화축전, 제주예총, 온가족이함께즐겨요","예술愛 색을 입히다!"
"2024 곶자왈 생물종 탐사","CNTS_300000000013018","제주특별자치도 제주시 조천읍 교래리 산 95","https://api.cdn.visitjeju.net/photomng/imgpath/202405/16/165519e8-ca68-4461-82f1-8252515ba9e6.jpg","제주곶자왈,곶자왈탐험,생물종탐사,축제,행사","생물 분야 전문가와 함께 직접 곶자왈의 생물종을 조사하여 목록을 만드는 과학참여 활동"
"제7회 농촌융복합산업 제주국제박람회 (푸파페제주)","CNTS_300000000013084","제주특별자치도 서귀포시 중문동 2700","https://api.cdn.visitjeju.net/photomng/imgpath/202506/20/a6a3d0f9-db10-4da4-8332-c8f666b55c8e.webp","푸파페제주, 제주도박람회, 제주가볼만한곳, 제주국제박람회, 제주농촌융복합산업 ","놀멍 보멍 먹으멍 지꺼진 푸파페! FOOD-TRIP-FARMING 푸파페제주"
"제4회 월정한모살 축제 “SUMMER FESTIVAL”","CNTS_300000000013088","제주특별자치도 제주시 구좌읍 월정리 33-3","https://api.cdn.visitjeju.net/photomng/imgpath/202507/17/bf40565f-dfb6-453b-91c1-6b75b6d9a086.webp","월정바다, 에메랄드 월정, 유소년 비치사커, 불꽃놀이, 축하공연","달이 머무는 마을, 아름다운 바다가 있는 마을 월정리"
"2024 문화가 있는 날 실버마이크","CNTS_300000000013135","제주특별자치도 서귀포시 서귀동 70-1","https://api.cdn.visitjeju.net/photomng/imgpath/202409/10/5ca8aa0e-a75c-4127-a806-b5e145b3a678.webp","#2024문화가 있는 날 #실버마이크 #문화체육관광부 #지역문화진흥원 #음악 #공연 #성악 #가요 #섹소폰 #국악 #제주민요","문화체육관광부가 주최하고 지역문화진흥원이 주관하는 <2024 문화가 있는 날 실버마이크>"
"2025 제주청년의 날&청년주간","CNTS_300000000013177","제주특별자치도 제주시 일도일동 1458-1","https://api.cdn.visitjeju.net/photomng/imgpath/202509/09/c6df7119-66f9-477c-bf9c-710cf8c71948.webp","청년의날, 제주청년의날, 청춘, 제주청년, 제주청년주간, 제주청년의날","제주 청년에, 제주 청년에 의한, 제주 청년을 위한 바로 그 날! 2025 제주청년의 날"
"2025년 제 1회 '차 없는 거리' 걷기축제","CNTS_300000000013180","제주특별자치도 제주시 건입동 1444","https://api.cdn.visitjeju.net/photomng/imgpath/202504/22/9968a80e-7e19-4e04-adf9-0538459dbd00.webp","제주행사,차없는거리,제주특별자치도","길 위에서 만나는 제주, 거리에서 시작되는 새로운 변화!"
"2024 국립한글박물관 개관 10주년 기념 <찾아가는 사투리 이야기 콘서트>","CNTS_300000000013242","제주특별자치도 제주시 건입동 1164","https://api.cdn.visitjeju.net/photomng/imgpath/202409/26/da809418-74ac-4fe5-bdc4-d8145f19f522.webp","한글,제주말,이야기콘서트,국립한글박물관,탐라문화제","제주어의 매력을 담은 강연과 공연, 경품 추첨 이벤트까지 한 번에 즐길 수 있는 <찾아가는 사투리 이야기 콘서트>"
"2024 아트페스타인제주","CNTS_300000000013250","제주특별자치도 제주시 일도일동 1247","https://api.cdn.visitjeju.net/photomng/imgpath/202410/02/304b481e-619a-4aa7-823f-8ce066e5dd53.webp","원도심,도시재생,제주예술축제,시민참여예술,아트페스타인제주","시민들의 삶의 공간에서 시민들과 예술인이 함께하는 문화예술 축제"
"정신건강 토크콘서트 <가장 빠른 시작, 오늘입니다>","CNTS_300000000013310","제주특별자치도 서귀포시 동홍동 1460","https://api.cdn.visitjeju.net/photomng/imgpath/202410/30/e9745006-a875-45b9-913f-2ad0449cc74b.webp","서귀포행사,뇌부자들,토크콘서트","정신건강 토크콘서트 <가장 빠른 시작, 오늘입니다>"
"Rise Again 희망 콘서트","CNTS_300000000013439","제주특별자치도 서귀포시 안덕면 서광리 2489","https://api.cdn.visitjeju.net/photomng/imgpath/202502/10/4c07184d-2278-4d4f-8d88-915c8ba07893.webp","행사, 아티스트, 콘서트 ","음악으로 다시 써 내려갈 우리들의 이야기, Rise Again!"
"서귀포예술의전당 기획공연 개최 및 문화취약계층 무료초청(목 짧은 기린 지피)","CNTS_300000000013459","제주특별자치도 서귀포시 서홍동 551-1","https://api.cdn.visitjeju.net/photomng/imgpath/202503/12/fd474294-f5b1-40bb-9a60-691ae9c0f806.webp","예술, 서귀포, 서귀포예술의전당, 기획공연, 문화취약계층대상 무료","관광객들과 도민이 함께 할 수 있기를 바라며 서귀포예술의전당 기획공연을 개최합니다.   "
"<구석구석 문화배달> 사슴 코딱코의 재판","CNTS_300000000013467","제주특별자치도 서귀포시 강정동 176","https://api.cdn.visitjeju.net/photomng/imgpath/202503/18/a801b918-a4f1-43b5-897d-ee9503e608c1.webp","제주문화예술재단, 구석구석문화배달, 예술, 서귀포, 공연","제주문화예술재단은 서귀포 혁신도시를 중심으로 정기적인 문화프로그램 제공을 통한 지역문화균형 발전을 도모하기 위하여, [2025 문화가 있는 날 구석구석문화배달] '예술이다!서귀포 : 혁신이 주는 달콤함' 사업을 3월부터 10월까지 매주 마지막 주 수요일 또는 그 주간에 추진합니다. "
"<구석구석 문화배달> 한낮의 깊은 휴식","CNTS_300000000013468","제주특별자치도 서귀포시 서호동 1601","https://api.cdn.visitjeju.net/photomng/imgpath/202503/18/f7a419aa-5052-4712-b689-ec23e186a0ae.webp","제주문화예술재단, 문화, 서귀포, 구석구석문화배달","제주문화예술재단은 서귀포 혁신도시를 중심으로 정기적인 문화프로그램 제공을 통한 지역문화균형 발전을 도모하기 위하여, [2025 문화가 있는 날 구석구석문화배달] '예술이다!서귀포 : 혁신이 주는 달콤함' 사업을 3월부터 10월까지 매주 마지막 주 수요일 또는 그 주간에 추진합니다. "
"성산면세점 그랜드오픈 개점식","CNTS_300000000013471","제주특별자치도 서귀포시 성산읍 성산리 347-9","https://api.cdn.visitjeju.net/photomng/imgpath/202503/20/91bc6128-27dd-4626-b470-bd06a1705072.webp","제주관광공사, 면세점, 성산면세점, 그랜드오픈, 제주동부, 쇼핑","제주 동부의 새로운 쇼핑 명소 탄생, 다양한 혜택과 이벤트 진행"
"에코랜드 플라워 마스크 페스티벌","CNTS_300000000013502","제주특별자치도 제주시 조천읍 대흘리 1221-1","https://api.cdn.visitjeju.net/photomng/imgpath/202504/23/200e5543-5bb5-44e1-8938-d47933b21dfe.webp","제주봄축제, 제주퍼레이드, 제주축제, 제주에코랜드, 플라워마스크","꽃으로 피어난 상상이 펼쳐지는 에코랜드 플라워마스크 페스티벌"
"서귀포시 버스킹 페스티벌","CNTS_300000000013503","제주특별자치도 서귀포시 서귀동 798-1","https://api.cdn.visitjeju.net/photomng/imgpath/202504/24/163cd9fc-c72b-44e4-8daf-116b43e37175.webp","제주, 서귀포, 페스티벌, 버스킹, 천지연, 청소년, 동아리","서귀포시청 직장동호회와 지역 청소년이 함께하는 서귀포시 버스킹 페스티벌을 개최합니다. "
"행복은 웃음이 피어나는 어린이날","CNTS_300000000013508","제주특별자치도 제주시 구좌읍 송당리 2303-3","https://api.cdn.visitjeju.net/photomng/imgpath/202504/29/2a2393e2-cfec-4a70-8375-0fe92c66ce9d.webp","제주, 스누피가든, 어린이날, 행사, 이벤트, 가족","싱그러운 제주의 자연 속, 스누피가든에서 가족과 함께하는 행복한 어린이날을 만나보세요!"
"2025 문화가 있는 날 <구석구석 문화배달>  '예술이다! 서귀포: 혁신이 주는 달콤함'","CNTS_300000000013519","제주특별자치도 서귀포시 서호동 1527","https://api.cdn.visitjeju.net/photomng/imgpath/202506/10/e3acd136-3224-4005-a55c-b26c8826af54.webp","제주문화예술재단, 문화체육관광부, 제주특별자치도, 지역문화진흥원, 구석구석문화배달","매 월 마지막주 수요일 문화가 있는 날과 그 주간에,  2025 문화가 있는 날 <구석구석 문화배달>이 서귀포 혁신도시를 찾아갑니다!"
"I‘m Digging _____. 2025: 서서히 맑아오는 쓰는 생활","CNTS_300000000013523","제주특별자치도 제주시 삼도이동 1261-3","https://api.cdn.visitjeju.net/photomng/imgpath/202505/16/03d6d317-1ca4-4f21-bca0-78cba610e7fa.webp","디깅, 정화, 목욕탕, 쓰는사람, 쓰는생활, 기록","22명의 쓰는 사람들이 쓴 노트 실물 전시"
"세계 환경의 날 기념행사 '2025 환경 한마당 축제'","CNTS_300000000013529","제주특별자치도 서귀포시 중문동 2700","https://api.cdn.visitjeju.net/photomng/imgpath/202505/22/a90cb3e2-7b76-4904-b724-ac04b8d1245a.webp","세계환경의날, 플라스틱오염종식, 환경한마당축제, 제주여행, 제주축제, 제주체험 ","다함께! 플라스틱 없-섬, 제주 '2025 환경 한 마당 축제'에 여러분을 초대합니다."
"제 26회 제주과학축전","CNTS_300000000013530","제주특별자치도 제주시 오라일동 1006","https://api.cdn.visitjeju.net/photomng/imgpath/202505/22/8bd76069-234c-41db-aad1-114188a49a3f.webp","제주과학축제, 제주과학문화협회, 과학체험, 과학탐구, 가족과학, 제주 행사","다양한 과학·기술 관련 과학체험프로그램 110개와 과학경연 3종목을 운영하여 관람객들이 참여를 통해 함께 즐기는 과학문화축제"
"폭싹속았수다_ 똘도, 어멍도, 할망도","CNTS_300000000013533","제주특별자치도 제주시 조천읍 선흘리 1211-5","https://api.cdn.visitjeju.net/photomng/imgpath/202505/23/3b29f948-8b6e-4959-8e59-28ef153431e1.webp","제주그림할망, 선흘그림할망, 선흘그림작업장, 6월전시, Exihibition","넷플릭스 드라마 <폭싹 속았수다>를 주제로 선흘 그림할망들과 함께 그린 신작을 공개합니다. "
"제주문화예술진흥원 강부언 초청전 『三無日記』 ","CNTS_300000000013543","제주특별자치도 제주시 일도이동 852","https://api.cdn.visitjeju.net/photomng/imgpath/202505/29/37129542-9a88-4533-88a4-a4dcdd018c34.webp","강부언, 삼무일기, 제주, 회화, 전시","제주의 본질을 예술로 그리다"
"제주문화예술진흥원 신진작가 초청전 '세 방향의 시선'","CNTS_300000000013548","제주특별자치도 제주시 일도이동 852","https://api.cdn.visitjeju.net/photomng/imgpath/202506/05/fc6afc91-7eb5-43fd-84b7-ae2ba7b555d5.webp","신진작가, 전시, 미술, 김진영, 이미순, 현유정, 조소, 한국화","신진작가들의 동시대적 시선을 제주에서 교차"
"제주민속촌 수국축제 - 수국 한송이, 기억 한 조각 로망을 대여해드립니다","CNTS_300000000013549","제주특별자치도 서귀포시 표선면 표선리 40-1","https://api.cdn.visitjeju.net/photomng/imgpath/202506/09/ee0d7c26-95d9-4f1e-91c2-b290dc1f2a6d.webp","제주여행, 6월제주축제, 한복체험, 수국축제, 민속체험, 스탬프투어, 민속촌","수국과 전통이 어우러진 제주민속촌에서 여름의 감성과 체험을 즐기는 감성 축제"
"제주도에서 만나는 '찾아가는 과학관'","CNTS_300000000013557","제주특별자치도 제주시 일도이동 996-1","https://api.cdn.visitjeju.net/photomng/imgpath/202506/10/553155cf-ca37-4855-8080-26a83601fcd8.webp","국립광주과학관, 이동과학관, 과학문화체험, 천체관측, 로봇댄스","제주 바람을 타고 찾아가는 과학 놀이터, 국립광주과학관 이동과학관에서 만나요"
"제6회 안덕면 수눌음 수국·헌혈 페스타","CNTS_300000000013558","제주특별자치도 서귀포시 안덕면 화순리 1961-1","https://api.cdn.visitjeju.net/photomng/imgpath/202506/11/b56c3ceb-f802-48ed-9dc6-7b957aaa69d7.webp","수국, 헌혈, 안덕면, 축제, 버스킹","수국과 함께하는 수눌음 헌혈 건강문화 나누기"
"호국보훈의 달 속·속·속 모두의보훈 음악회","CNTS_300000000013563","제주특별자치도 제주시 노형동 산 19-3","https://api.cdn.visitjeju.net/photomng/imgpath/202506/13/f08b9eab-01b7-40d4-a496-dd6a23fa2ad2.webp","국립제주호국원, 국가보훈부, 보훈, 호국보훈의달, 음악회","호국보훈의 달을 맞아 호국영령의 숭고한 넋을 기리고 도민과 함께하는 음악회 개최"
"2025 실버마이크 전라·제주권 9월 27일 제주 칠십리야외공연장 공연 안내","CNTS_300000000013574","제주 칠십리야외공연장","https://api.cdn.visitjeju.net/photomng/imgpath/202506/17/386f18e2-c662-4098-b776-992cad9a2348.webp","제주, 서귀포, 칠십리, 공연, 실버마이크","푸른 제주에서 펼쳐지는 감성 가득한 무대, 2025 실버마이크 전라·제주권 공연이 드디어 제주에 상륙합니다!"
"제주문화예술진흥원 광복 80주년 기념 <그녀들의 얼굴, 역사가 되다: 제주 여성 독립운동가 초상展>","CNTS_300000000013614","제주특별자치도 제주시 일도이동 852","https://api.cdn.visitjeju.net/photomng/imgpath/202507/08/34724b5d-bfa9-4b76-8161-41e1d8500b0e.webp","광복 80주년, 윤석남, 초상화, 여성, 독립운동가","광복 80주년을 알리는 역사, 시각예술 융합 전시"
"제5회 웰니스 숲힐링 축제 - 한 개의 별을 노래하자","CNTS_300000000013628","제주특별자치도 서귀포시 호근동 산 1","https://api.cdn.visitjeju.net/photomng/imgpath/202507/17/8f6aac62-a569-42a8-bf2e-4ed322e952a6.jpg","체험, 웰니스, 청년, 1박2일, 힐링, 서귀포치유의숲","별빛 아래, 나를 만나는 밤 청년들을 위한 단 하루의 특별한 쉼, 서귀포치유의숲에서의 여름밤 1박 2일 힐링 프로그램"
"'탄소를 비우다' 황근숲 탄소 워킹","CNTS_300000000013632","제주특별자치도 서귀포시 성산읍 709(족지물)","https://api.cdn.visitjeju.net/photomng/imgpath/202507/22/90fd6f9a-01a7-4f3c-b4a7-4a3a002432a3.webp","제주, 성산, 오조리, 황근숲, 탄소워킹, 노란꽃길","기후위기 시대 제주 자생 세미맹그로브 황근숲 걷기를 통해 생태자원 및 탄소흡수원으로서의 가치를 홍보하고 지역 주민의 참여를 통한 협력과 생태관광 연계 추진"
"제주 아세안홀 인증샷 이벤트 - 제주에서 읽GO! 아세안홀에서 남기 GO!","CNTS_300000000013634","제주특별자치도 서귀포시 중문동 2571","https://api.cdn.visitjeju.net/photomng/imgpath/202507/22/7d42d790-b152-4a76-b16c-41250905592d.webp","한아세안센터, 제주아세안홀, 여름방학, 읽고찍고남기고, AKC","제주아세안홀을 방문하고 SNS에 인증 및 설문조사를 참여하시면 추첨을 통해 배스킨라빈스 모바일 상품권을 드립니다."
"올라비올라 B to B with길병민","CNTS_300000000013636","제주특별자치도 서귀포시 서홍동 551-1","https://api.cdn.visitjeju.net/photomng/imgpath/202507/23/7399ed63-20b1-41eb-9481-5b31523ec7df.webp","올라비올라, 길병민, 서귀포예술의전당, 현대음악, 예술의전당","""B to B"" 바흐에서 비틀즈까지 고전화현대음악을 아우르는 다채로운 무대"
"제10회 서귀포오페라페스티벌 가족오페라<신콩쥐>","CNTS_300000000013637","제주특별자치도 서귀포시 서홍동 551-1","https://api.cdn.visitjeju.net/photomng/imgpath/202507/23/d33978ef-75d7-4414-9338-87445a779af2.webp","서귀포오페라페스티벌, 신콩쥐, 서귀포예술의전당, 가족오페라, 오페라 ","전래동화 콩쥐팥쥐가 어린이부터 어른까지 모두가 함께 웃고 즐길 수 있는 코믹 오페라"
"제10회 서귀포오페라페스티벌 오페라 카르멘갈라","CNTS_300000000013638","제주특별자치도 서귀포시 서홍동 551-1","https://api.cdn.visitjeju.net/photomng/imgpath/202507/23/054ea5c3-adcb-4fc0-bbac-f88ee024e0ad.webp","서귀포오페라페스티벌 , 장일범, 서귀포예술의전당, 카르멘, 오페라","음악평론가 장일범의 유쾌한 해설과 함께하는 오페라 카르멘갈라"
"제10회 서귀포오페라페스티벌 오페라vs뮤지컬","CNTS_300000000013640","제주특별자치도 서귀포시 서홍동 689","https://api.cdn.visitjeju.net/photomng/imgpath/202507/23/8e268d37-a954-44e0-b9ff-161bc0326ba2.webp","서귀포오페라페스티벌, 제주성악협회,김재형, 박정민, 서귀포예술의전당, 오페라vs뮤지컬, 칠십리야외공연장","칠십리 야외공연장에서 펼쳐지는 오페라와 뮤지컬 무대"
"광복 80주년 기념 발레 <명성황후>","CNTS_300000000013641","제주특별자치도 서귀포시 서홍동 551-1","https://api.cdn.visitjeju.net/photomng/imgpath/202507/23/3dff268c-8340-4db9-8ba3-6e5da8382de4.webp","발레, 명성황후, 광복80주년, 서귀포예술의전당, 최소빈발레단","고전발레와 한국의 전서가 만나는 예술의순간 발레 명성황후"
"지금 떠나는 출근, 내일을 여는 관광 ‘출근한 김에 전국일주!’ 참여·방문 인증 이벤트","CNTS_300000000013645","제주특별자치도 제주시 연동 313-105","https://api.cdn.visitjeju.net/photomng/imgpath/202507/25/df8ab233-c4dd-49c4-9291-43b30872e724.webp","출근한김에전국일주, 지방워케이션대탐험, 오피스탈출여행지추천, 오늘도근무중여행중, 워케이션","제주, 강원, 광주, 전남, 전북, 울산 지역에 2개 이상 워케이션&기 업관광 프로그램 이용 추첨 통해 각 지역 기념품 등 증정 프로모션"
"제주민속촌 놀멍쉬멍상대회","CNTS_300000000013647","제주특별자치도 서귀포시 표선면 표선리 40-1","https://api.cdn.visitjeju.net/photomng/imgpath/202507/25/1b3e0e8d-57e2-4c7e-8f62-058f779ca4d5.webp","제주여행, 8월축제, 명상대회, 전통체험, 서귀포여행"," ‘놀멍쉬멍..상’ 다례와 명상이 만나는 고요한 시간의 초대"
"펫트립in제주, 천지연폭포x제주현대미술관 교차 할인","CNTS_300000000013655","제주특별자치도 제주시 한경면 저지리 2114-63","https://api.cdn.visitjeju.net/photomng/imgpath/202507/31/d5d989c2-090d-4335-97b6-ad476feb5601.webp","펫트립in제주, 천지연폭포, 제주현대미술관, 개와고양이의시간, 할인혜택, 펫펨족, 전시팬,펫, 펫트립","펫트립in제주, 천지연폭포x제주현대미술관 교차 할인"
"북촌 큰 나무의 기억","CNTS_300000000013656","제주특별자치도 제주시 조천읍 북촌리 1371","https://api.cdn.visitjeju.net/photomng/imgpath/202507/31/c109771f-5ca3-4cd7-95f1-c527e7591c87.webp","북촌큰나무의기억, 2025신탐라문화가있는날, 폭낭, 제주북촌리 무료공연, 북촌마을","제주 북촌 마을에서 사람들과 함께 사는 큰 폭낭들과 연결되는 시간을 제공하는 문화의 날 공연으로 7월, 8월, 10월은 마지막주 금요일, 11월은 마지막주 토요일에 다채로운 공연으로 여러분을 찾아갑니다."
"2025 왕왕작작 골목상권 세일 페스타","CNTS_300000000013662","제주특별자치도 제주시 연동 1320","https://api.cdn.visitjeju.net/photomng/imgpath/202508/01/79c21e17-eb61-4e23-893c-23fdbcba3adc.webp","골목상권, 세일 페스타, 소비촉진, 할인 이벤트, 소비쿠폰","제주 시민과 관광객이 함께 즐기는 할인 축제"
"<물싸움 - 너무 오래된 전쟁> IN JEJU","CNTS_300000000013665","제주특별자치도 제주시 도두일동 2605-5","https://api.cdn.visitjeju.net/photomng/imgpath/202508/06/679dec6e-a894-44ed-82b1-f4feaaffc6c5.webp","물싸움, 공연, 연극, 워터밤 공연, 가족공연","온가족이 즐길 수 있는 넌버벌 워터밤 공연"
"2025 서귀포 국가유산 야행 ","CNTS_300000000013667","제주특별자치도 서귀포시 서홍동 689","https://api.cdn.visitjeju.net/photomng/imgpath/202508/06/d4a8ea32-4399-457b-9a4c-6831a98c3b94.webp","제주국가유산, 야행, 투어연극, 8야, 제주신화","야행 최초로 제주만이 갖고 있는 1만 8천 신들의 신화와 전설과 설화를 원형 그대로 살리는 흙과 바람, 공기와 물의 자연 가치를 담아낸 프로그램들로 구성되어 있습니다."
"제주특별자치도와 제주관광공사가 드리는 '가을여행 감사이벤트'","CNTS_300000000013680","","https://api.cdn.visitjeju.net/photomng/imgpath/202508/14/d1a9667c-0c8b-4f53-b41f-475c92fd5662.webp","제주도, 제주여행, 이벤트, 네이버페이, 티웨이항공, 제주항공, 제주가을여행","항공사 협업 특별 감사 프로모션"
"광복 80주년 기념 서귀포시 공영관광지 입장료 할인 이벤트","CNTS_300000000013681","","https://api.cdn.visitjeju.net/photomng/imgpath/202508/14/0f7764cb-c4d3-4dcf-bb52-7d84111d4ac0.webp","광복80주년, 공영관광지, 서귀포, 서귀포관내식당, 입장료할인","광복 80주년 기념 서귀포시 공영관광지 입장료 할인 이벤트"
"2025 Purple Festa in Jeju","CNTS_300000000013682","","https://api.cdn.visitjeju.net/photomng/imgpath/202508/14/5e8813b6-d3d2-43af-a4bb-8feab2b237c6.webp","제주한류, K-POP, K-DRAMA, 제주여행, K-WAVE","전 세계 한류를 사랑하는 팬들을 위한 축제"
"탐나오 썸머시즌오프 할인바다","CNTS_300000000013684","제주특별자치도 제주시 영평동 2170-4","https://api.cdn.visitjeju.net/photomng/imgpath/202508/14/122f2a07-f161-4934-ad99-6281adee05bf.webp","제주갈치요리할인, 제주숙소할인, 제주5성급호텔할인, 제주숙박, 제주할인","제주관광상품 최대 30% 할인"
"아트매핑 <I SEA U - 너를 보다, 바다>","CNTS_300000000013691","제주특별자치도 서귀포시 대정읍 보성리 2476-10 남영 b동110호","https://api.cdn.visitjeju.net/photomng/imgpath/202508/20/0a16da22-fa3a-4f00-8a84-c3209e17e328.webp","환경예술, 정크아트, 전시, 공연, 아트매핑, 업사이클아트","대정 유휴공간에서 펼쳐지는 환경예술잔치(전시, 공연)"
"서귀포예술의전당 공동기획 뮤지컬 다시,봄","CNTS_300000000013696","제주특별자치도 서귀포시 서홍동 551-1","https://api.cdn.visitjeju.net/photomng/imgpath/202508/20/951076a8-2a61-425b-bded-2856b0527148.webp","다시봄, 서귀포예술의전당, 뮤지컬, 구석구석문화배달, 서귀포문화생활, 서귀포공연","서귀포예술의전당 공동기획 뮤지컬 다시,봄"
"서귀포예술의전당 기획공연 2025 퀸 엘리자베스 콩쿠르 위너스 콘서트","CNTS_300000000013698","제주특별자치도 서귀포시 서홍동 551-1","https://api.cdn.visitjeju.net/photomng/imgpath/202508/20/9bf4737a-4e99-40a2-a76d-5b26ad8b4040.webp","퀸엘리자베스, 서귀포예술의전당, 니콜라미우센, 와타루히사스에, 서귀포문화생활, 서귀포공연","서귀포예술의전당 기획공연 2025 퀸 엘리자베스 콩쿠르 위너스 콘서트"
"2025 제주돌가마페스티발","CNTS_300000000013705","제주특별자치도 제주시 일도이동 852","https://api.cdn.visitjeju.net/photomng/imgpath/202508/22/d047947f-e0b1-4e5b-af87-b10207efd03f.webp","제주, 돌가마, 도예, 도자, 페스티발","제주돌가마에서 소성한 도예작품 전시"
"가족극 『두린왕자를 찾아줍서』","CNTS_300000000013724","제주특별자치도 제주시 연동 1370-3 에코파인 건물 지하 예술공간 오이","https://api.cdn.visitjeju.net/photomng/imgpath/202508/31/3bcf285f-b12a-437c-9209-762c4e105e0d.webp","예술공간오이, 공연,,,아주 어려움","다섯 비행사가 제주어로 들려주는 어린왕자 이야기"
"제4회 Join us 조천리 용천수 역사문화축제","CNTS_300000000013726","제주특별자치도 제주시 조천읍 조천리 2691","https://api.cdn.visitjeju.net/photomng/imgpath/202509/02/24124da5-b284-49e1-beee-47846fee0faf.webp","미션수행, 용천수해설, 광복80주년, 제주도립예술단, 김병만","용천수, 사람을 만나고 역사를 기억하다"
"제주문화예술진흥원 제31회 제주청년작가전","CNTS_300000000013729","제주특별자치도 제주시 일도이동 852","https://api.cdn.visitjeju.net/photomng/imgpath/202509/04/a3bd2d31-020e-4b36-ba9c-8ad840f5c0ff.webp","제주청년작가, 청년, 전시, 문화예술진흥원, 문예회관","제31회 제주청년작가 선정 작가 3인의 전시"
"국립제주호국원 사진 공모전 「찰칵! 국립제주호국원에서 발견한 순간!」","CNTS_300000000013738","제주특별자치도 제주시 노형동 산 19-3","https://api.cdn.visitjeju.net/photomng/imgpath/202509/08/fb73ea59-3e27-4a1d-9be1-99c9cfd98ec7.webp","국립제주호국원, 국가보훈부, 보훈, 사진공모전, 공모전","국립제주호국원의 모습이 담긴 사진을 공모하여 수상작을 선발"
"그림으로 세상과 만나다","CNTS_300000000013744","제주특별자치도 서귀포시 서홍동 551-1","https://api.cdn.visitjeju.net/photomng/imgpath/202509/08/d5434cbe-c282-4240-8d86-01d9a191f332.webp","서귀포전시, 서귀포예술의전당, 고동우, 고수빈, 김용원, 배주현, 이동우, 이진원","그림으로 세상과 만나다"
"무브먼트 코리아 인 서귀포","CNTS_300000000013748","제주특별자치도 서귀포시 서홍동 689","https://api.cdn.visitjeju.net/photomng/imgpath/202509/09/dc3fcb1f-c381-4a27-9c81-407e065203d8.webp","광개토예술단, 서귀포예술의전당, MBCREW,서귀포문화생활, 서귀포공연","무브먼트 코리아 인 서귀포"
"2025 제주 흑한우 브랜드 박람회","CNTS_300000000013753","제주특별자치도 서귀포시 법환동 914 ","https://api.cdn.visitjeju.net/photomng/imgpath/202509/10/18f932a2-55d9-49f3-b86b-34ee4ce4dd45.webp","흑한우, 제주, 월드컵경기장, 흑한우박람회, 제주축산업,,,단독접근가능,쉬움","청정 제주의 흑한우를 맛보고, 구매하는  것은 물론, 유명 셰프 요리회, 흑한우 요리 경연대회, 어린이 흑한우 사생대회 등의 프로그램이 진행됩니다. "
"제 8회 하하페스티벌","CNTS_300000000013762","제주특별자치도 제주시 일도일동 1211","https://api.cdn.visitjeju.net/photomng/imgpath/202509/12/2decba84-73b4-4615-aa30-903a1279eb14.webp","하하패스티벌, 일도이동, 산지천, 일도일동, 지역상생축제","다양한 문화공연 및 체험부스 운영 등을 통해 침체된 원도심에 활력을 불어넣고 골목 상권 활성화 및 주민 화합의 장 마련"
"제주에 스며드는 시간","CNTS_300000000013766","제주특별자치도 제주시 영평동 2170-4","https://api.cdn.visitjeju.net/photomng/imgpath/202509/16/1af1e362-3f39-47a1-817a-9eda46409cbf.webp","탐나오, 제주렌트카할인, 제주숙소할인, 제주관광지할인, 제주맛집할인","제주관광상품 최대 20% 할인"
"제14회 그린 로하스 엑스포 및 ESG 환경 포럼","CNTS_300000000013770","제주특별자치도 제주시 노형동 1534 제주한라컨벤션센터 1층 컨벤션홀","https://api.cdn.visitjeju.net/photomng/imgpath/202509/18/83df169c-c52d-4215-9e82-9298611a8217.webp","제주, 친환경, 녹색산업, 환경포럼, 제주친환경,,","제14회 그린 로하스 엑스포는 ESG와 친환경, 녹색산업을 주제로 친환경 기술·제품 전시와 체험, 환경 포럼을 통해 지속가능한 미래를 함께 고민하는 축제입니다."
"야크마을 로컬아티스트 전시전 <파노라마>","CNTS_300000000013776","제주특별자치도 서귀포시 색달동 1045 야크마을 본관1층 메인전시홀","https://api.cdn.visitjeju.net/photomng/imgpath/202509/17/b4ecc638-fa7c-44bf-bcbe-99c6496c39d8.webp","#제주#파노라마#야크마을#전시전,,영어,중국어,일본어,,단독접근가능,단차없음,저상버스 접근 가능,장애인 화장실,장애인 전용 주차장,수동 휠체어 대여 가능,쉬움","4th Local Artist : TRACE (Kyuri Kim) <파노라마 PANORAMA>"
"지붕 없는 도서관 X 작은책방 팝업스토어","CNTS_300000000013781","제주특별자치도 서귀포시 강정동 176","https://api.cdn.visitjeju.net/photomng/imgpath/202512/05/98884141-b5dd-4ac8-98a6-a20be4fa5815.webp","지붕없는도서관, 작은책방, 도서관행사, 공공도서관, 야외도서관","참여형 독서문화 확산을 위해 지역 내 작은책방와 함께 도서관 야외 독서행사 운영"
"2025 제4회 제주 한의약 웰니스 전시체험 박람회","CNTS_300000000013784","제주특별자치도 제주시 오라일동 2444-7 2층","https://api.cdn.visitjeju.net/photomng/imgpath/202509/19/726c6c34-41ea-46e5-89f4-921096c4dd44.webp","제주, 한의약, 웰니스, 전시, 박람회,,,장애인 화장실,장애인 전용 주차장","몸과 마음의 길을 찾다, 웰니스 내비게이션 / 한의약과 함께 걷는 웰니스의 길"
"제2회 한라생태숲 산림문화 행사(에코 IN(人) 포레스트! 숲, 사람을 품다)","CNTS_300000000013799","제주특별자치도 제주시 용강동 산 14-41","https://api.cdn.visitjeju.net/photomng/imgpath/202509/23/6d1fcf0a-dc41-4297-9f47-819b60b106e0.webp","산림문화, 생태체험, 자연과휴식, 힐링, 감성체험","추석 연휴 속 자연에서의 쉼과 위로를 나누는 생태 감성의 장"
"서귀포예술의전당 기획공연 <체코필하모닉 멤버 듀오 리사이틀 첼로&피아노>","CNTS_300000000013813","제주특별자치도 서귀포시 서홍동 551-1","https://api.cdn.visitjeju.net/photomng/imgpath/202510/01/676e3e04-ae99-4f50-842c-9dd3b9a3cd44.webp","체코필하모닉, 서귀포예술의전당, 클래식공연, 서귀포문화생활, 서귀포공연","서귀포예술의전당 기획공연 <체코필하모닉 멤버 듀오 리사이틀 첼로&피아노>"
"제2회 하원마을 천년문화·미래과학 축제","CNTS_300000000013823","제주특별자치도 서귀포시 하원동 산 70","https://api.cdn.visitjeju.net/photomng/imgpath/202510/13/832b40c9-b2aa-4e92-975d-3992a8cabcdc.webp","하원마을, 미래과학축제, 하원동, 문화축제, 역사문화","천년 역사와 문화의 하원, 미래 과학의 여정이 펼쳐집니다!"
"2025 저승차사와 원도심 유산투어","CNTS_300000000013824","제주특별자치도 제주시 삼도이동 30-1","https://api.cdn.visitjeju.net/photomng/imgpath/202510/14/fafb079a-81e7-4daf-9729-949cd7dd38da.webp","원도심, 유산투어, 제주목관아, 제주야행, 저승차사","저승차사 인턴이 되기 위한 오싹한 야행의 현장으로 여러분을 초대합니다!"
"2025 제주 친환경농산물 한마당","CNTS_300000000013829","제주특별자치도 제주시 도남동 663-1","https://api.cdn.visitjeju.net/photomng/imgpath/202510/14/85c6030c-b250-4360-9f5f-dd7a2d4d2475.webp","유기농, 무농약농산물, 친환경농업, 지구를 지키는 농부, 건강한 먹거리","친환경농법으로 지구를 지키는 농부와 그 가치를 알아주는 소비자가 함께 소통하는 공감의 공간"
"유아 문화예술교육 페스타 ⭐펠롱 펠롱 작은 별⭐","CNTS_300000000013832","제주특별자치도 서귀포시 중문동 2162 서귀포시 천제연로 164","https://api.cdn.visitjeju.net/photomng/imgpath/202510/16/787d453c-41bf-482f-b487-403e106770e2.webp","#문화예술교육 #펠롱펠롱작은별 #아이와함께 #체험형축제,,,단독접근가능,단차없음,장애인 화장실,승강기,쉬움","유아 문화예술교육 페스타 ⭐펠롱 펠롱 작은 별⭐ 프로그램 신청 안내"
"원도심 야간여행 '섬夜시즌' ","CNTS_300000000013843","제주특별자치도 서귀포시 서귀동 70 ","https://api.cdn.visitjeju.net/photomng/imgpath/202510/21/e48fd43c-e249-4930-9454-57e88b04459f.webp","제주관광협회, 야한 여행, 제주 원도심, 제주섬야, 섬야시즌,,,단독접근가능,쉬움","제주 원도심에서 펼쳐지는 야간 여행 축제"
"서귀포 꿈꾸는 예술터 개관 주간 <꿈꾸는 오늘, 예술이 되는 내일> 프로그램 안내","CNTS_300000000013848","제주특별자치도 서귀포시 중문동 2162 서귀포 꿈꾸는 예술터","https://api.cdn.visitjeju.net/photomng/imgpath/202510/22/af61483a-9b9d-4933-ad66-edbb0493a810.webp","예술터, 서귀포, 문화예술, 꿈꾸는 오늘, 제주행사,,,장애인 화장실,승강기,쉬움","서귀포 꿈꾸는 예술터 개관 주관 행사"
"2025년 삼도2동 문화의 거리 행사 '삼도2동 예술왓'","CNTS_300000000013853","제주특별자치도 제주시 삼도이동 108-15","https://api.cdn.visitjeju.net/photomng/imgpath/202510/23/938172f3-43d7-494b-a9a3-338b633cba0b.webp","삼도2동 문화의 거리, 입주작가, 삼도2동 예술왓, 삼도이동, 문화예술","삼도2동 문화의 거리 내 행사 개최! 삼도2동 예술왓으로 오세요~"
"탐라순력도에 투영된 제주의 관방시설과 물 문화유산","CNTS_300000000013873","제주특별자치도 제주시 일도일동 1243-1 고씨주택과 케왓","https://api.cdn.visitjeju.net/photomng/imgpath/202510/31/9ccf97da-3e54-4cd8-8a9a-2dacbef5b895.webp","제주특별자치도개발공사, 자연유산보존협회, 삼다수, 제주삼다수, 산지천,,,쉬움","탐라순력도에 그려진 연북정과 별방진성, 산지천을 걸으면서 제주의 물이 어떻게 사용되었는지 답사하는 홍보 및 일일체험프로그램입니다. "
"은평 청년작가 초대전 사이","CNTS_300000000013881","제주특별자치도 제주시 일도이동 852","https://api.cdn.visitjeju.net/photomng/imgpath/202511/06/264ff4b3-a591-46a0-a782-b83bb224796c.webp","청년작가, 전시, 미술, 예술, 은평","제주문화예술진흥원, 은평문화재단의 공동 주최로 은평 청년작가 3인의 작품 전시"
"2025년 장애예술축제-턴(TURN) <마주보다>","CNTS_300000000013884","제주특별자치도 제주시 아라일동 362-35 우리복지관","https://api.cdn.visitjeju.net/photomng/imgpath/202511/06/99ca1a3d-a020-4b0a-8589-f2a6c0e5c530.webp","장애예술축제,,,쉬움","장애예술가와 활동가들의 예술로 ‘마주보는 순간’을 함께해요 🎨💫"
"제2회 갯것이영화제 + 생태관광 개막식","CNTS_300000000013896","제주특별자치도 서귀포시 서홍동 551-1","https://api.cdn.visitjeju.net/photomng/imgpath/202511/07/f27235ce-bd64-4ad0-9b17-9c24e5da883f.webp","생태관광지원센터, 서귀포예술의전당, 갯것이영화제, 춤추는고래, 생태관광","‘제2회 갯것이영화제+생태관광’ 바다영화축제가 오는 11월 7일 6시 30분 개막식을 시작한다."
"제주소나이합창단 제2회 정기연주회","CNTS_300000000013897","제주특별자치도 서귀포시 서홍동 551-1","https://api.cdn.visitjeju.net/photomng/imgpath/202511/07/701440fe-f95f-472c-b243-6c9800dea01f.webp","정기연주회, 제주합창단, 소나이합창단, 남자합창단, 서귀포예술의전당","'찬양 선교'와 '제주어 보존 확대'를 위해 제주소나이합창단의 두번째 정기연주회를 앞두고 있다."
"오지학 피아노 독주회 ""소나타와 순간들: 삶의 빛과 어둠을 비추다""","CNTS_300000000013898","제주특별자치도 서귀포시 서홍동 551-1","https://api.cdn.visitjeju.net/photomng/imgpath/202511/07/404529b5-1a4f-464c-a44d-4827e632fe47.webp","오지학, 서귀포예술의전당, 제주대학교, 제주음악회, 독주회","“소나타와 순간들, 삶의 빛과 어둠을 비추다”"
"정미숙 7회 개인전(살아)","CNTS_300000000013899","제주특별자치도 서귀포시 서홍동 551-1","https://api.cdn.visitjeju.net/photomng/imgpath/202511/07/15f81401-4dad-4a7e-9754-633476d1b406.webp","정미숙, 서귀포예술의전당, 제주사진전, 정미숙개인전, 살아","제주 사진작가 정미숙의 일곱 번째 개인전 '살아, 한라산의 겨울'이 오는 11월 3일부터 12일까지 서귀포 예술의전당 전시실에서 열린다."
"2025 제주밭한끼 신기루맛집 체험단 모집","CNTS_300000000013906","제주특별자치도 제주시 구좌읍 평대리 3210-4","https://api.cdn.visitjeju.net/photomng/imgpath/202511/11/2828638d-0363-42cc-b81e-cd1ab2d064a3.webp","신기루맛집, 제주밭한끼, 신기루, 체험단, 제주체험단","제주의 밭작물로 만든 한상차림을 직접 평가해주세요!"
"2025년 제2회 '차 없는 거리' 걷기 행사","CNTS_300000000013907","제주특별자치도 제주시 오라일동 1006 애향운동장","https://api.cdn.visitjeju.net/photomng/imgpath/202511/12/139aca94-60d9-4838-bf0f-25d317d760e1.webp","차 없는 거리 축제, 애항운동장, 차없는거리, 걷기축제, 걷기행사,,,단독접근가능,장애인 화장실,장애인 전용 주차장,쉬움","2025 제2회 차없는 거리 걷기 행사 우리의 발걸음이 모여 제주의 내일이 됩니다. 11월30일, 다시 하나되어 걷습니다."
"제주, 어떤 빛","CNTS_300000000013912","제주특별자치도 서귀포시 서홍동 551-1","https://api.cdn.visitjeju.net/photomng/imgpath/202511/13/e3553ce6-4e76-46c5-9c57-006d7588a822.webp","서귀포예술의전당, 김승범, 사진전, 제주 사진전, 제주의 빛","김승범 사진전 제주, 어떤 빛’이 11월 14일(금)부터 16일(일)까지 서귀포예술의전당에서 개최됩니다."
"111기 로움리트릿","CNTS_300000000013958","제주특별자치도 제주시 한림읍 월령리 254-1 리벤시아호텔&풀빌라펜션","https://api.cdn.visitjeju.net/photomng/imgpath/202511/19/3372939e-d65c-4793-8399-5e7c7697019a.webp","로움리트릿, 제주요가, 리탐빌, 제주힐링, 아나타명상,,영어,,단독접근가능,청각장애인 접근성,시각장애인 접근성,저상버스 접근 가능,장애인 전용 주차장,쉬움","영국 Luxlife가 선정한 베스트 리트릿! 어떤 시도로도 해결되지 않던  마음의 문제가 비로소 해결되는 생애 가장 특별한 여정입니다."
"해녀와 영등 시즌2","CNTS_300000000014006","제주특별자치도 제주시 애월읍 광령리 2535","https://api.cdn.visitjeju.net/photomng/imgpath/202511/24/92c0ac86-8e3a-41f6-b4b7-ab2d18c83a53.webp","제주바다, 제주해녀, 제주관광대학교, 해녀와 영등, 제주뮤지컬","제주 바다, 삶의 숨이 되다."
"서귀포관악단 2025 청소년, 대학생 협주곡의 밤","CNTS_300000000014010","제주특별자치도 서귀포시 서홍동 551-1","https://api.cdn.visitjeju.net/photomng/imgpath/202511/27/54ed984f-4f24-4f74-84c7-7faad7773c42.webp","서귀포예술의전당, 서귀포관악당, 제주협주곡, 제주관악단","제주의 젊은 음악 인재들이 선보이는 특별한 무대가 서귀포예술의전당에서 펼쳐집니다!"
"전도 장애 학생·학부모·교사가 함께하는 미술 전시회 일상 그 너머의 기억과 변화 - 기후 변화와 제주 4.3, 그리고 우리 -","CNTS_300000000014011","제주특별자치도 제주시 일도이동 852","https://api.cdn.visitjeju.net/photomng/imgpath/202511/28/b1950a5b-fcd1-40e9-afd0-fd3553fa99ba.webp","장애학생, 전시, 미술, 예술","전도 장애학생과 학부모, 교사가 함께하는 미술 전시회"
"사랑나눔GEO페스타","CNTS_300000000014016","제주특별자치도 서귀포시 안덕면 사계리 126-1 플레이사계 일대","https://api.cdn.visitjeju.net/photomng/imgpath/202512/02/e1fc1822-ac47-4111-a631-a52a6e19e777.webp","사랑나눔GEO페스타, 산방산, 플레이사계, 용머리해안,,영어,,단독접근가능,단차없음,장애인 화장실,승강기,장애인 전용 주차장,쉬움","제주의 자연·문화·환경·나눔의 가치를 한자리에 모은 사랑나눔GEO페스타는 유네스코 세계지질공원 안덕면 일대를 배경으로 지역주민·관광객·학교·단체·상인이 함께 만드는 제주형 공존축제"